{"cameraMode":{"drawMode":0,"name":"Shaded","section":"Shading Mode"},"sceneLighting":false,"audioPlay":false,"sceneViewState":{"showFog":true,"showMaterialUpdate":false,"showSkybox":true,"showFlares":true,"showImageEffects":true,"showParticleSystems":true},"in2DMode":false,"pivot":{"x":95.65487670898438,"y":-98.77720642089844,"z":9.699478149414063},"rotation":{"x":-0.254060298204422,"y":-0.7040717601776123,"z":0.30334630608558657,"w":-0.5896757245063782},"size":221.62889099121095,"orthographic":false}