{"cameraMode":{"drawMode":0,"name":"Shaded","section":"Shading Mode"},"sceneLighting":false,"audioPlay":false,"sceneViewState":{"showFog":true,"showMaterialUpdate":false,"showSkybox":true,"showFlares":true,"showImageEffects":true,"showParticleSystems":true},"in2DMode":false,"pivot":{"x":1.3115386962890626,"y":19.452463150024415,"z":-5.400373458862305},"rotation":{"x":-0.10536392778158188,"y":0.8004928231239319,"z":-0.14764991402626038,"w":-0.571234941482544},"size":79.48563385009766,"orthographic":false}