{"cameraMode":{"drawMode":0,"name":"Shaded","section":"Shading Mode"},"sceneLighting":false,"audioPlay":false,"sceneViewState":{"showFog":true,"showMaterialUpdate":false,"showSkybox":true,"showFlares":true,"showImageEffects":true,"showParticleSystems":true},"in2DMode":false,"pivot":{"x":-48.039398193359378,"y":23.218631744384767,"z":-33.76311492919922},"rotation":{"x":0.14505991339683534,"y":0.8380226492881775,"z":-0.2689054310321808,"w":0.4520680010318756},"size":60.457767486572269,"orthographic":false}